Workbook

Sheet Inventario
A1: # | B1: Equipo | C1: Código lab | D1: Marca | E1: Modelo | F1: Año | G1: N° inventario | H1: Estado | I1: Observaciones | J1: Fecha
A2: =IF(B2="","",ROW()-1) -> 1 | B2: Osciloscopio digital | C2: OSC-0340 | D2: Tektronix | E2: TDS 2022C | F2: 2010 | G2: N00162254 | H2: Sin revisar
A3: =IF(B3="","",ROW()-1) -> 2 | B3: Osciloscopio digital | C3: OSC-0338 | D3: Tektronix | E3: TDS 2022C | F3: 2010 | G3: N00162256 | H3: Sin revisar
A4: =IF(B4="","",ROW()-1) -> 3 | B4: Osciloscopio digital | C4: OSC-0335 | D4: Tektronix | E4: TDS 2022C | F4: 2010 | G4: N00154084 | H4: Sin revisar
A5: =IF(B5="","",ROW()-1) -> 4 | B5: Osciloscopio digital | C5: OSC-0328 | D5: Tektronix | E5: TDS 2022C | F5: 2010 | G5: N00123035 | H5: Sin revisar
A6: =IF(B6="","",ROW()-1) -> 5 | B6: Osciloscopio digital | C6: OSC-0345 | D6: Hantek | E6: DSO2D10 | F6: 2020 | G6: 438194 | H6: Sin revisar
A7: =IF(B7="","",ROW()-1) -> 6 | B7: Osciloscopio digital | C7: OSC-0329 | D7: Tektronix | E7: TDS 2022B | F7: 2005 | G7: N00123036 | H7: Sin revisar
A8: =IF(B8="","",ROW()-1) -> 7 | B8: Osciloscopio digital | C8: OSC-0333 | D8: Tektronix | E8: TDS 2022C | F8: 2010 | G8: N00154085 | H8: Sin revisar
A9: =IF(B9="","",ROW()-1) -> 8 | B9: Osciloscopio digital | C9: OSC-0343 | D9: WELLZION | E9: SmartDS 8202 | F9: 2011 | G9: N00172765 | H9: Sin revisar
A10: =IF(B10="","",ROW()-1) -> 9 | B10: Osciloscopio digital | C10: OSC-0330 | D10: Tektronix | E10: TDS 2022C | F10: 2010 | G10: N00148960 | H10: Sin revisar
A11: =IF(B11="","",ROW()-1) -> 10 | B11: Osciloscopio digital | C11: OSC-0342 | D11: Tektronix | E11: TDS 2022C | F11: 2010 | G11: N00169079 | H11: Sin revisar
A12: =IF(B12="","",ROW()-1) -> 11 | B12: Osciloscopio digital | C12: OSC-0326 | D12: Tektronix | E12: TDS 2022C | F12: 2010 | G12: N00162257 | H12: Sin revisar
A13: =IF(B13="","",ROW()-1) -> 12 | B13: Osciloscopio digital | C13: OSC-0337 | D13: Tektronix | E13: TDS 2022C | F13: 2010 | G13: N00162255 | H13: Sin revisar
A14: =IF(B14="","",ROW()-1) -> 13 | B14: Osciloscopio digital | C14: OSC-0327 | D14: Tektronix | E14: TDS 2022B | F14: 2005 | G14: N00123034 | H14: Sin revisar
A15: =IF(B15="","",ROW()-1) -> 14 | B15: Osciloscopio digital | C15: OSC-0334 | D15: Tektronix | E15: TDS 2022C | F15: 2010 | G15: N00154083 | H15: Sin revisar
A16: =IF(B16="","",ROW()-1) -> 15 | B16: Osciloscopio digital | C16: OSC-0339 | D16: Tektronix | E16: TDS 2022C | F16: 2010 | G16: N00162253 | H16: No funciona | I16: FALLA EN PANTALLA
A17: =IF(B17="","",ROW()-1) -> 16 | B17: Osciloscopio digital | C17: OSC-0341 | D17: Tektronix | E17: TDS 2022C | F17: 2010 | G17: N00169070 | H17: Sin revisar
A18: =IF(B18="","",ROW()-1) -> 17 | B18: Osciloscopio digital | C18: OSC-0344
A19: =IF(B19="","",ROW()-1) -> 18 | B19: Osciloscopio digital | C19: OSC-0324
A20: =IF(B20="","",ROW()-1) -> 19 | B20: Osciloscopio digital | C20: OSC-0307
A21: =IF(B21="","",ROW()-1) -> 20 | B21: Osciloscopio digital | C21: OSC-0331 | D21: Tektronix | E21: TDS 2022C | F21: 2010 | G21: N00148959 | H21: Sin revisar
A22: =IF(B22="","",ROW()-1) -> 21 | B22: Osciloscopio digital | C22: OSC-0306 | D22: HP | E22: 54602B | F22: 1994 | G22: 00-S84551 | H22: Funciona bien
A23: =IF(B23="","",ROW()-1) -> 22 | B23: Osciloscopio analógico | C23: OSC-037 | D23: HITACHI | E23: V-552 | F23: 2000 | G23: 00-42140 | H23: Funciona bien | J23: 46307
A24: =IF(B24="","",ROW()-1) -> 23 | B24: Osciloscopio analógico | C24: OSC-0302 | D24: GoldStar | E24: OS-7040A | F24: 1997 | G24: 00-75870 | H24: Funciona bien | J24: 46307
A25: =IF(B25="","",ROW()-1) -> 24 | B25: Osciloscopio analógico | C25: OSC-0303 | D25: GoldStar | E25: OS-7040A | F25: 2000 | G25: 00-42141 | H25: Funciona bien | J25: 46307
A26: =IF(B26="","",ROW()-1) -> 25 | B26: Osciloscopio analógico | C26: OSC-0316 | D26: BK Precision | E26: 2120B | F26: 2000 | G26: N00050783 | H26: Funciona bien | J26: 46307
A27: =IF(B27="","",ROW()-1) -> 26 | B27: Osciloscopio analógico | C27: OSC-0315 | D27: BK Precision | E27: 2120B | F27: 2000 | G27: N00050785 | H27: Funciona bien | J27: 46307
A28: =IF(B28="","",ROW()-1) -> 27 | B28: Osciloscopio analógico | C28: OSC-0313 | D28: BK Precision | E28: 2120B | F28: 2000 | G28: N00050781 | H28: Funciona bien | J28: 46307
A29: =IF(B29="","",ROW()-1) -> 28 | B29: Osciloscopio analógico | C29: OSC-0318 | D29: BK Precision | E29: 2120B | F29: 2000 | G29: N00103430 | H29: Funciona bien | J29: 46307
A30: =IF(B30="","",ROW()-1) -> 29 | B30: Osciloscopio analógico | C30: OSC-0314 | D30: BK Precision | E30: 2120B | F30: 2000 | G30: N00050780 | H30: Funciona bien | J30: 46307
A31: =IF(B31="","",ROW()-1) -> 30 | B31: Osciloscopio analógico | C31: OSC-0322 | D31: BK Precision | E31: 2120B | F31: 2000 | G31: N00103434 | H31: Funciona bien | J31: 46307
A32: =IF(B32="","",ROW()-1) -> 31 | B32: Osciloscopio analógico | C32: OSC-0317 | D32: BK Precision | E32: 2120B | F32: 2000 | G32: N00103429 | H32: Funciona bien | J32: 46307
A33: =IF(B33="","",ROW()-1) -> 32 | B33: Osciloscopio analógico | C33: OSC-0308 | D33: BK Precision | E33: 2120B | F33: 2000 | G33: N00050777 | H33: Funciona bien | J33: 46307
A34: =IF(B34="","",ROW()-1) -> 33 | B34: Osciloscopio analógico | C34: OSC-0323 | D34: BK Precision | E34: 2120B | F34: 2000 | G34: N00103435 | H34: Funciona bien | J34: 46307
A35: =IF(B35="","",ROW()-1) -> 34 | B35: Osciloscopio analógico | C35: OSC-0309 | D35: BK Precision | E35: 2120B | F35: 2000 | G35: N00050775 | H35: No funciona | I35: DUAL PERMANENTE
A36: =IF(B36="","",ROW()-1) -> 35 | B36: Osciloscopio analógico | C36: OSC-0320 | D36: BK Precision | E36: 2120B | F36: 2000 | G36: N00103432 | H36: No funciona | I36: NO ENCIENDE | J36: 46307
A37: =IF(B37="","",ROW()-1) -> 36 | B37: Osciloscopio analógico | C37: OSC-0311 | D37: BK Precision | E37: 2120B | F37: 2000 | G37: N00050784 | H37: No funciona | I37: NO ENCIENDE | J37: 46307
A38: =IF(B38="","",ROW()-1) -> 37 | B38: Osciloscopio analógico | C38: OSC-0305 | D38: HITACHI | E38: V-552 | F38: 1997 | H38: Funciona bien | J38: 46307
A39: =IF(B39="","",ROW()-1) -> 38 | B39: Osciloscopio analógico | C39: OSC-0321 | D39: BK Precision | E39: 2120B | F39: 2000 | G39: N000103433 | H39: Funciona bien | J39: 46307
A40: =IF(B40="","",ROW()-1) -> 39 | B40: Osciloscopio analógico | C40: OSC-0319 | D40: BK Precision | E40: 2120B | F40: 2000 | G40: N000103431 | H40: Funciona bien | J40: 46307
A41: =IF(B41="","",ROW()-1) -> 40 | B41: Generador de funciones digital | C41: GEN-0538 | D41: Hantek | E41: HDG3000B | F41: 2022 | G41: 438187 | H41: Funciona bien | J41: 46307
A42: =IF(B42="","",ROW()-1) -> 41 | B42: Generador de funciones digital | C42: GEN-0539 | D42: Hantek | E42: HDG3000B | F42: 2022 | G42: 438188 | H42: Funciona bien | J42: 46307
A43: =IF(B43="","",ROW()-1) -> 42 | B43: Generador de funciones digital | C43: GEN-0529 | D43: Tektronix | E43: AFG3021C | F43: 2012 | G43: N00157672 | H43: No funciona | I43: GENERA RUIDO | J43: 46307
A44: =IF(B44="","",ROW()-1) -> 43 | B44: Generador de funciones digital | C44: GEN-0522 | D44: Tektronix | E44: AFG3021B | F44: 2006 | G44: N00123041 | H44: No funciona | I44: NO ENTREGA EL VOLTAJE CONFIGURADO | J44: 46307
A45: =IF(B45="","",ROW()-1) -> 44 | B45: Generador de funciones digital | C45: GEN-0530 | D45: Tektronix | E45: AFG3021C | F45: 2012 | G45: N00177673 | H45: Funciona bien | J45: 46307
A46: =IF(B46="","",ROW()-1) -> 45 | B46: Generador de funciones digital | C46: GEN-0525 | D46: Tektronix | E46: AFG3021B | F46: 2006 | G46: N00140422 | H46: Funciona bien | J46: 46307
A47: =IF(B47="","",ROW()-1) -> 46 | B47: Generador de funciones digital | C47: GEN-0523 | D47: Tektronix | E47: AFG3021B | F47: 2006 | G47: N00123024 | H47: Funciona bien | I47: PANTALLA DAÑADA | J47: 46307
A48: =IF(B48="","",ROW()-1) -> 47 | B48: Generador de funciones digital | C48: GEN-0533 | D48: Tektronix | E48: AFG3021C | F48: 2012 | G48: N00162252 | H48: Funciona bien | J48: 46307
A49: =IF(B49="","",ROW()-1) -> 48 | B49: Generador de funciones digital | C49: GEN-0519 | D49: Tektronix | E49: AFG3021B | F49: 2006 | G49: N00123038 | H49: Funciona parcialmente | I49: PANTALLA DAÑADA Y PERILLA DAÑANA | J49: 46307
A50: =IF(B50="","",ROW()-1) -> 49 | B50: Generador de funciones digital | C50: GEN-0536 | D50: Tektronix | E50: AFG3021C | F50: 2012 | G50: N00169833 | H50: Funciona bien | J50: 46307
A51: =IF(B51="","",ROW()-1) -> 50 | B51: Generador de funciones digital | C51: GEN-0527 | D51: Tektronix | E51: AFG3021B | F51: 2006 | G51: N00140424 | H51: Funciona parcialmente | I51: PANTALLA DAÑADA | J51: 46307
A52: =IF(B52="","",ROW()-1) -> 51 | B52: Generador de funciones digital | C52: GEN-0526 | D52: Tektronix | E52: AFG3021B | F52: 2006 | G52: N00140423 | H52: No funciona | I52: PANTALLA DAÑADA Y NO ENTREGA EL VOLTAJE CONFIGURADO | J52: 46307
A53: =IF(B53="","",ROW()-1) -> 52 | B53: Generador de funciones digital | C53: GEN-0534 | D53: Tektronix | E53: AFG3021C | F53: 2012 | G53: N00162251 | H53: No funciona | I53: NO FUNCIONA NADA | J53: 46307
A54: =IF(B54="","",ROW()-1) -> 53 | B54: Generador de funciones digital | C54: GEN-0537 | D54: Tektronix | E54: AFG3021C | F54: 2012 | G54: N00171288 | H54: No funciona | I54: NO ENTREGA EL VOLTAJE CONFIGURADO | J54: 46307
A55: =IF(B55="","",ROW()-1) -> 54 | B55: Generador de funciones digital | C55: GEN-0532 | D55: Tektronix | E55: AFG3021C | F55: 2012 | G55: N00157675 | H55: Funciona bien | J55: 46307
A56: =IF(B56="","",ROW()-1) -> 55 | B56: Generador de funciones digital | C56: GEN-0531 | D56: Tektronix | E56: AFG3021C | F56: 2012 | G56: N00157674 | H56: Funciona bien | J56: 46307
A57: =IF(B57="","",ROW()-1) -> 56 | B57: Generador de funciones digital | C57: GEN-0518 | D57: Tektronix | E57: AFG3021B | F57: 2006 | G57: N00123037 | H57: No funciona | I57: SALIDA DAÑADA | J57: 46307
A58: =IF(B58="","",ROW()-1) -> 57 | B58: Generador de funciones digital | C58: GEN-0521 | D58: Tektronix | E58: AFG3021B | F58: 2006 | G58: N00123040 | H58: Funciona bien | J58: 46307
A59: =IF(B59="","",ROW()-1) -> 58 | B59: Generador de funciones analógico | C59: GEN-0509 | D59: BK Precision | E59: 4010A | F59: 2000 | G59: N00050772 | H59: Funciona bien | J59: 46307
A60: =IF(B60="","",ROW()-1) -> 59 | B60: Generador de funciones analógico | C60: GEN-0515 | D60: REFRIMAQ | E60: GF800 | F60: 2000 | G60: N00055614 | H60: Funciona bien | J60: 46307
A61: =IF(B61="","",ROW()-1) -> 60 | B61: Generador de funciones analógico | C61: GEN-0528 | D61: GoldStar | E61: FG-8002 | G61: T00044999 | H61: No funciona | I61: NO FUNCIONA NADA | J61: 46307
A62: =IF(B62="","",ROW()-1) -> 61 | B62: Generador de funciones analógico | C62: GEN-0507 | D62: BK Precision | E62: 4010A | F62: 2000 | G62: N00050774 | H62: Funciona bien | J62: 46307
A63: =IF(B63="","",ROW()-1) -> 62 | B63: Generador de funciones analógico | C63: GEN-0508 | D63: BK Precision | E63: 4010A | F63: 2000 | G63: N00050770 | H63: Funciona bien | J63: 46307
A64: =IF(B64="","",ROW()-1) -> 63 | B64: Generador de funciones analógico | C64: GEN-0506 | D64: BK Precision | E64: 4010A | F64: 2000 | G64: N00050771 | H64: Funciona bien | J64: 46307
A65: =IF(B65="","",ROW()-1) -> 64 | B65: Generador de funciones analógico | C65: GEN-0514 | D65: REFRIMAQ | E65: GF800 | F65: 2000 | G65: N00055613 | H65: Funciona parcialmente | I65: GENERA RUIDO | J65: 46307
A66: =IF(B66="","",ROW()-1) -> 65 | B66: Generador de funciones analógico | C66: GEN-0513 | D66: REFRIMAQ | E66: GF800 | F66: 2000 | G66: N00055612 | H66: Funciona bien | J66: 46307
A67: =IF(B67="","",ROW()-1) -> 66 | B67: Generador de funciones analógico | C67: GEN-0510 | D67: BK Precision | E67: 4010A | F67: 2000 | G67: N00050773 | H67: Funciona bien | J67: 46307
A68: =IF(B68="","",ROW()-1) -> 67 | B68: Generador de funciones analógico | C68: GEN-0516 | D68: GoldStar | E68: FG-8002 | G68: T00044997 | H68: No funciona | I68: NO FUNCIONA NADA | J68: 46307
A69: =IF(B69="","",ROW()-1) -> 68 | B69: Fuente de alimentación | C69: FUE1805 | D69: BK Precision | E69: 1672 | F69: 2009 | G69: N00122324 | H69: Funciona bien | J69: 46310
A70: =IF(B70="","",ROW()-1) -> 69 | B70: Fuente de alimentación | C70: FUE1804 | D70: BK Precision | E70: 1672 | F70: 2009 | G70: N00122323 | H70: Funciona bien | J70: 46310
A71: =IF(B71="","",ROW()-1) -> 70 | B71: Fuente de alimentación | C71: FUE1806 | D71: BK Precision | E71: 1672 | F71: 2009 | G71: N00122325 | H71: No funciona | I71: SOLO FUNCIONA UN CANAL | J71: 46310
A72: =IF(B72="","",ROW()-1) -> 71 | B72: Multímetro | C72: MUL0113 | D72: BK Precision | E72: 2890A | G72: N00112829 | H72: Funciona parcialmente | I72: No mide corriente
A73: =IF(B73="","",ROW()-1) -> 72 | B73: Multímetro | C73: MUL0123 | D73: BK Precision | E73: 2890A | G73: N00121972 | H73: Funciona parcialmente | I73: Medicion de voltaje erronea
A74: =IF(B74="","",ROW()-1) -> 73 | B74: Multímetro | C74: MUL107 | D74: Fluke | E74: 8060A | G74: T00045037 | H74: Funciona bien
A75: =IF(B75="","",ROW()-1) -> 74 | B75: Multímetro | C75: MUL126 | D75: BK Precision | E75: 2890A | G75: N00121968 | H75: Funciona bien
A76: =IF(B76="","",ROW()-1) -> 75 | B76: Multímetro | C76: MUL0108 | D76: WaVetek | E76: 850 | G76: T00045041 | H76: Funciona bien
A77: =IF(B77="","",ROW()-1) -> 76 | B77: Multímetro | C77: MUL0106 | D77: WaVetek | E77: 850 | G77: T00045039 | H77: Funciona bien
A78: =IF(B78="","",ROW()-1) -> 77 | B78: Multímetro | C78: MUL0109 | D78: WaVetek | E78: 850 | G78: T00045038 | H78: Funciona bien
A79: =IF(B79="","",ROW()-1) -> 78 | B79: Multímetro | C79: MUL0111 | D79: Fluke | E79: 89IV | G79: 00-594699 | H79: No funciona | I79: No mide corriente y resistencia
A80: =IF(B80="","",ROW()-1) -> 79 | B80: Multímetro | C80: MUL0112 | D80: Fluke | E80: 89IV | G80: 00-594698 | H80: No funciona | I80: No sirve
A81: =IF(B81="","",ROW()-1) -> 80 | B81: Multímetro | C81: MUL0121 | D81: BK Precision | E81: 2890A | G81: N00121970 | H81: Funciona parcialmente | I81: No mide corriente
A82: =IF(B82="","",ROW()-1) -> 81 | B82: Multímetro | C82: MUL0117 | D82: BK Precision | E82: 2890A | G82: N00121965 | H82: Funciona bien
A83: =IF(B83="","",ROW()-1) -> 82 | B83: Multímetro | C83: MUL0122 | D83: BK Precision | E83: 2890A | G83: N00121971 | H83: Funciona parcialmente | I83: No mide corriente
A84: =IF(B84="","",ROW()-1) -> 83 | B84: Multímetro | C84: MUL0114 | D84: BK Precision | E84: 2890A | G84: N00112828 | H84: Funciona bien
A85: =IF(B85="","",ROW()-1) -> 84 | B85: Multímetro | C85: MUL0115 | D85: BK Precision | E85: 2890A | G85: N00121964 | H85: Funciona parcialmente | I85: No mide corriente
A86: =IF(B86="","",ROW()-1) -> 85 | B86: Multímetro | C86: MUL0120 | D86: BK Precision | E86: 2890A | G86: N00121969 | H86: Funciona bien
A87: =IF(B87="","",ROW()-1) -> 86 | B87: Multímetro | C87: MUL0124 | D87: BK Precision | E87: 2890A | G87: N00121973 | H87: No funciona | I87: No sirve
A88: =IF(B88="","",ROW()-1) -> 87 | B88: Multímetro | C88: MUL0125 | D88: BK Precision | E88: 2890A | G88: N00121974 | H88: Funciona parcialmente | I88: No mide corriente
A89: =IF(B89="","",ROW()-1) -> 88 | B89: Multímetro | C89: MUL0119 | D89: BK Precision | E89: 2890A | G89: N00121975 | H89: Funciona bien | I89: Requiere puntas nuevas
A90: =IF(B90="","",ROW()-1) -> 89 | B90: Fuente de alimentación | C90: FUE1824 | D90: GW INSTEK | E90: GPC-1850D | F90: 2017 | G90: N00172186 | H90: Funciona bien
A91: =IF(B91="","",ROW()-1) -> 90 | B91: Fuente de alimentación | C91: FUE1827 | D91: BK Precision | E91: 11109 | F91: 2017 | G91: N00172162 | H91: Funciona bien
A92: =IF(B92="","",ROW()-1) -> 91 | B92: Fuente de alimentación | C92: FUE1825 | D92: BK Precision | E92: 11109 | F92: 2017 | G92: N00172160 | H92: No funciona
A93: =IF(B93="","",ROW()-1) -> 92 | B93: Fuente de alimentación | C93: FUE1826 | D93: BK Precision | E93: 11109 | F93: 2017 | G93: N00172161 | H93: Funciona bien
A94: =IF(B94="","",ROW()-1) -> 93 | B94: Fuente de alimentación | C94: FUE1828 | D94: GW INSTEK | E94: GPC-1850D | F94: 2017 | G94: N00171161 | H94: Funciona bien
A95: =IF(B95="","",ROW()-1) -> 94 | B95: Fuente de alimentación | C95: FUE1812 | D95: BK Precision | E95: 1672 | F95: 2009 | G95: N00122331 | H95: Funciona bien
A96: =IF(B96="","",ROW()-1) -> 95 | B96: Fuente de alimentación | C96: FUE1807 | D96: BK Precision | E96: 1672 | F96: 2009 | G96: N0022326 | H96: Funciona bien
A97: =IF(B97="","",ROW()-1) -> 96 | B97: Fuente de alimentación | C97: FUE1801 | D97: BK Precision | E97: 1672 | F97: 2009 | G97: N00122320 | H97: No funciona
A98: =IF(B98="","",ROW()-1) -> 97 | B98: Fuente de alimentación | C98: FUE1810 | D98: BK Precision | E98: 1672 | F98: 2009 | G98: N00122329 | H98: No funciona
A99: =IF(B99="","",ROW()-1) -> 98 | B99: Fuente de alimentación | C99: FUE1808 | D99: BK Precision | E99: 1672 | F99: 2009 | G99: N00122327 | H99: Funciona bien
A100: =IF(B100="","",ROW()-1) -> 99 | B100: Fuente de alimentación | C100: FUE1802 | D100: BK Precision | E100: 1672 | F100: 2009 | G100: N00122321 | H100: Funciona bien
...

Sheet Resumen
A1: Categoría | B1: Total | C1: Funciona bien | D1: Funciona parcialmente | E1: No funciona | F1: Sin revisar
A2: Osciloscopio digital | B2: =COUNTIFS(Inventario!$B$2:$B$102,$A2,Inventario!$D$2:$D$102,"<>") -> 18 | C2: =COUNTIFS(Inventario!$B$2:$B$102,$A2,Inventario!$H$2:$H$102,C$1,Inventario!$D$2:$D$102,"<>") -> 1 | D2: =COUNTIFS(Inventario!$B$2:$B$102,$A2,Inventario!$H$2:$H$102,D$1,Inventario!$D$2:$D$102,"<>") -> 0 | E2: =COUNTIFS(Inventario!$B$2:$B$102,$A2,Inventario!$H$2:$H$102,E$1,Inventario!$D$2:$D$102,"<>") -> 1 | F2: =COUNTIFS(Inventario!$B$2:$B$102,$A2,Inventario!$H$2:$H$102,F$1,Inventario!$D$2:$D$102,"<>") -> 16
A3: Osciloscopio analógico | B3: =COUNTIFS(Inventario!$B$2:$B$102,$A3,Inventario!$D$2:$D$102,"<>") -> 18 | C3: =COUNTIFS(Inventario!$B$2:$B$102,$A3,Inventario!$H$2:$H$102,C$1,Inventario!$D$2:$D$102,"<>") -> 15 | D3: =COUNTIFS(Inventario!$B$2:$B$102,$A3,Inventario!$H$2:$H$102,D$1,Inventario!$D$2:$D$102,"<>") -> 0 | E3: =COUNTIFS(Inventario!$B$2:$B$102,$A3,Inventario!$H$2:$H$102,E$1,Inventario!$D$2:$D$102,"<>") -> 3 | F3: =COUNTIFS(Inventario!$B$2:$B$102,$A3,Inventario!$H$2:$H$102,F$1,Inventario!$D$2:$D$102,"<>") -> 0
A4: Generador de funciones digital | B4: =COUNTIFS(Inventario!$B$2:$B$102,$A4,Inventario!$D$2:$D$102,"<>") -> 18 | C4: =COUNTIFS(Inventario!$B$2:$B$102,$A4,Inventario!$H$2:$H$102,C$1,Inventario!$D$2:$D$102,"<>") -> 10 | D4: =COUNTIFS(Inventario!$B$2:$B$102,$A4,Inventario!$H$2:$H$102,D$1,Inventario!$D$2:$D$102,"<>") -> 2 | E4: =COUNTIFS(Inventario!$B$2:$B$102,$A4,Inventario!$H$2:$H$102,E$1,Inventario!$D$2:$D$102,"<>") -> 6 | F4: =COUNTIFS(Inventario!$B$2:$B$102,$A4,Inventario!$H$2:$H$102,F$1,Inventario!$D$2:$D$102,"<>") -> 0
A5: Generador de funciones analógico | B5: =COUNTIFS(Inventario!$B$2:$B$102,$A5,Inventario!$D$2:$D$102,"<>") -> 10 | C5: =COUNTIFS(Inventario!$B$2:$B$102,$A5,Inventario!$H$2:$H$102,C$1,Inventario!$D$2:$D$102,"<>") -> 7 | D5: =COUNTIFS(Inventario!$B$2:$B$102,$A5,Inventario!$H$2:$H$102,D$1,Inventario!$D$2:$D$102,"<>") -> 1 | E5: =COUNTIFS(Inventario!$B$2:$B$102,$A5,Inventario!$H$2:$H$102,E$1,Inventario!$D$2:$D$102,"<>") -> 2 | F5: =COUNTIFS(Inventario!$B$2:$B$102,$A5,Inventario!$H$2:$H$102,F$1,Inventario!$D$2:$D$102,"<>") -> 0
A6: Fuente de alimentación | B6: =COUNTIFS(Inventario!$B$2:$B$102,$A6,Inventario!$D$2:$D$102,"<>") -> 14 | C6: =COUNTIFS(Inventario!$B$2:$B$102,$A6,Inventario!$H$2:$H$102,C$1,Inventario!$D$2:$D$102,"<>") -> 10 | D6: =COUNTIFS(Inventario!$B$2:$B$102,$A6,Inventario!$H$2:$H$102,D$1,Inventario!$D$2:$D$102,"<>") -> 0 | E6: =COUNTIFS(Inventario!$B$2:$B$102,$A6,Inventario!$H$2:$H$102,E$1,Inventario!$D$2:$D$102,"<>") -> 4 | F6: =COUNTIFS(Inventario!$B$2:$B$102,$A6,Inventario!$H$2:$H$102,F$1,Inventario!$D$2:$D$102,"<>") -> 0
A7: Multímetro | B7: =COUNTIFS(Inventario!$B$2:$B$102,$A7,Inventario!$D$2:$D$102,"<>") -> 18 | C7: =COUNTIFS(Inventario!$B$2:$B$102,$A7,Inventario!$H$2:$H$102,C$1,Inventario!$D$2:$D$102,"<>") -> 9 | D7: =COUNTIFS(Inventario!$B$2:$B$102,$A7,Inventario!$H$2:$H$102,D$1,Inventario!$D$2:$D$102,"<>") -> 6 | E7: =COUNTIFS(Inventario!$B$2:$B$102,$A7,Inventario!$H$2:$H$102,E$1,Inventario!$D$2:$D$102,"<>") -> 3 | F7: =COUNTIFS(Inventario!$B$2:$B$102,$A7,Inventario!$H$2:$H$102,F$1,Inventario!$D$2:$D$102,"<>") -> 0
A8: TOTAL | B8: =SUM(B2:B7) -> 96 | C8: =SUM(C2:C7) -> 52 | D8: =SUM(D2:D7) -> 9 | E8: =SUM(E2:E7) -> 19 | F8: =SUM(F2:F7) -> 16
A10: Solo cuenta filas con Marca llena (las filas vacías de plantilla no cuentan).
